{
    "loss": 31.9731388092041,
    "accuracy": 0.5686274766921997
}