{
    "loss": 21.65506935119629,
    "accuracy": 0.4313725531101227
}